{
  "event": "GW200112_155838",
  "gps": 1262879936.0,
  "freqs": [
    0.0,
    11.100271002710027,
    22.200542005420054,
    33.30081300813008,
    44.40108401084011,
    55.50135501355014,
    66.60162601626016,
    77.70189701897019,
    88.80216802168022,
    99.90243902439025,
    111.00271002710028,
    122.1029810298103,
    133.2032520325203,
    144.30352303523034,
    155.40379403794037,
    166.5040650406504,
    177.60433604336043,
    188.70460704607046,
    199.8048780487805,
    210.90514905149053,
    222.00542005420056,
    233.10569105691056,
    244.2059620596206,
    255.30623306233062,
    266.4065040650406,
    277.50677506775065,
    288.6070460704607,
    299.7073170731707,
    310.80758807588074,
    321.9078590785908,
    333.0081300813008,
    344.10840108401084,
    355.20867208672087,
    366.3089430894309,
    377.4092140921409,
    388.50948509485096,
    399.609756097561,
    410.710027100271,
    421.81029810298105,
    432.9105691056911,
    444.0108401084011,
    455.1111111111111,
    466.2113821138211,
    477.31165311653115,
    488.4119241192412,
    499.5121951219512,
    510.61246612466124,
    521.7127371273713,
    532.8130081300812,
    543.9132791327913,
    555.0135501355013,
    566.1138211382114,
    577.2140921409214,
    588.3143631436315,
    599.4146341463414,
    610.5149051490515,
    621.6151761517615,
    632.7154471544716,
    643.8157181571815,
    654.9159891598916,
    666.0162601626016,
    677.1165311653117,
    688.2168021680217,
    699.3170731707318,
    710.4173441734417,
    721.5176151761517,
    732.6178861788618,
    743.7181571815718,
    754.8184281842819,
    765.9186991869918,
    777.0189701897019,
    788.1192411924119,
    799.219512195122,
    810.319783197832,
    821.420054200542,
    832.520325203252,
    843.6205962059621,
    854.7208672086721,
    865.8211382113822,
    876.9214092140921,
    888.0216802168022,
    899.1219512195122,
    910.2222222222222,
    921.3224932249323,
    932.4227642276422,
    943.5230352303523,
    954.6233062330623,
    965.7235772357724,
    976.8238482384824,
    987.9241192411924,
    999.0243902439024,
    1010.1246612466125,
    1021.2249322493225,
    1032.3252032520325,
    1043.4254742547425,
    1054.5257452574526,
    1065.6260162601625,
    1076.7262872628726,
    1087.8265582655827,
    1098.9268292682927,
    1110.0271002710026,
    1121.1273712737127,
    1132.2276422764228,
    1143.3279132791329,
    1154.4281842818427,
    1165.5284552845528,
    1176.628726287263,
    1187.728997289973,
    1198.8292682926829,
    1209.929539295393,
    1221.029810298103,
    1232.1300813008131,
    1243.230352303523,
    1254.330623306233,
    1265.4308943089432,
    1276.531165311653,
    1287.631436314363,
    1298.7317073170732,
    1309.8319783197833,
    1320.9322493224931,
    1332.0325203252032,
    1343.1327913279133,
    1354.2330623306234,
    1365.3333333333333,
    1376.4336043360433,
    1387.5338753387534,
    1398.6341463414635,
    1409.7344173441734,
    1420.8346883468835,
    1431.9349593495936,
    1443.0352303523034,
    1454.1355013550135,
    1465.2357723577236,
    1476.3360433604337,
    1487.4363143631435,
    1498.5365853658536,
    1509.6368563685637,
    1520.7371273712738,
    1531.8373983739837,
    1542.9376693766937,
    1554.0379403794038,
    1565.138211382114,
    1576.2384823848238,
    1587.3387533875339,
    1598.439024390244,
    1609.5392953929538,
    1620.639566395664,
    1631.739837398374,
    1642.840108401084,
    1653.940379403794,
    1665.040650406504,
    1676.1409214092141,
    1687.2411924119242,
    1698.341463414634,
    1709.4417344173442,
    1720.5420054200542,
    1731.6422764227643,
    1742.7425474254742,
    1753.8428184281843,
    1764.9430894308944,
    1776.0433604336044,
    1787.1436314363143,
    1798.2439024390244,
    1809.3441734417345,
    1820.4444444444443,
    1831.5447154471544,
    1842.6449864498645,
    1853.7452574525746,
    1864.8455284552845,
    1875.9457994579946,
    1887.0460704607046,
    1898.1463414634147,
    1909.2466124661246,
    1920.3468834688347,
    1931.4471544715448,
    1942.5474254742549,
    1953.6476964769647,
    1964.7479674796748,
    1975.8482384823849,
    1986.9485094850947,
    1998.0487804878048,
    2009.149051490515,
    2020.249322493225,
    2031.3495934959349,
    2042.449864498645
  ],